{"r":1.0,"g":0.3686274588108063,"b":0.3686274588108063,"a":255.0}