{"r":0.26274511218070986,"g":0.1921568661928177,"b":0.7176470756530762,"a":1.0}