{"r":0.42352941632270815,"g":0.23529411852359773,"b":1.0,"a":255.0}