{"r":0.19607843458652497,"g":0.48627451062202456,"b":0.23137255012989045,"a":255.0}